[{"model": "dashboard.userdashboardmodule", "pk": 1, "fields": {"title": "Quick links", "module": "jet.dashboard.modules.LinkList", "app_label": null, "user": 1, "column": 0, "order": 0, "settings": "{\"draggable\": false, \"deletable\": false, \"collapsible\": false, \"layout\": \"inline\"}", "children": "[{\"title\": \"Return to site\", \"url\": \"/\"}, {\"title\": \"Change password\", \"url\": \"/admin/password_change/\"}, {\"title\": \"Log out\", \"url\": \"/admin/logout/\"}]", "collapsed": false}}, {"model": "dashboard.userdashboardmodule", "pk": 2, "fields": {"title": "Applications", "module": "jet.dashboard.modules.AppList", "app_label": null, "user": 1, "column": 1, "order": 0, "settings": "{\"models\": null, \"exclude\": [\"auth.*\"]}", "children": "", "collapsed": false}}, {"model": "dashboard.userdashboardmodule", "pk": 3, "fields": {"title": "Administration", "module": "jet.dashboard.modules.AppList", "app_label": null, "user": 1, "column": 2, "order": 0, "settings": "{\"models\": [\"auth.*\"], \"exclude\": null}", "children": "", "collapsed": false}}, {"model": "dashboard.userdashboardmodule", "pk": 4, "fields": {"title": "Recent Actions", "module": "jet.dashboard.modules.RecentActions", "app_label": null, "user": 1, "column": 0, "order": 1, "settings": "{\"limit\": 10, \"include_list\": null, \"exclude_list\": null, \"user\": null}", "children": "", "collapsed": false}}, {"model": "dashboard.userdashboardmodule", "pk": 5, "fields": {"title": "Latest Django News", "module": "jet.dashboard.modules.Feed", "app_label": null, "user": 1, "column": 1, "order": 1, "settings": "{\"feed_url\": \"http://www.djangoproject.com/rss/weblog/\", \"limit\": 5}", "children": "", "collapsed": false}}, {"model": "dashboard.userdashboardmodule", "pk": 6, "fields": {"title": "Support", "module": "jet.dashboard.modules.LinkList", "app_label": null, "user": 1, "column": 2, "order": 1, "settings": "{\"draggable\": true, \"deletable\": true, \"collapsible\": true, \"layout\": \"stacked\"}", "children": "[{\"title\": \"Django documentation\", \"url\": \"http://docs.djangoproject.com/\", \"external\": true}, {\"title\": \"Django \\\"django-users\\\" mailing list\", \"url\": \"http://groups.google.com/group/django-users\", \"external\": true}, {\"title\": \"Django irc channel\", \"url\": \"irc://irc.freenode.net/django\", \"external\": true}]", "collapsed": false}}, {"model": "dashboard.userdashboardmodule", "pk": 7, "fields": {"title": "Application models", "module": "jet.dashboard.modules.ModelList", "app_label": "product", "user": 1, "column": 0, "order": 0, "settings": "{\"models\": [\"product.*\"], \"exclude\": null}", "children": "", "collapsed": false}}, {"model": "dashboard.userdashboardmodule", "pk": 8, "fields": {"title": "Recent Actions", "module": "jet.dashboard.modules.RecentActions", "app_label": "product", "user": 1, "column": 1, "order": 0, "settings": "{\"limit\": 10, \"include_list\": [\"product.*\"], \"exclude_list\": null, \"user\": null}", "children": "", "collapsed": false}}, {"model": "dashboard.userdashboardmodule", "pk": 9, "fields": {"title": "Application models", "module": "jet.dashboard.modules.ModelList", "app_label": "account", "user": 1, "column": 0, "order": 0, "settings": "{\"models\": [\"account.*\"], \"exclude\": null}", "children": "", "collapsed": false}}, {"model": "dashboard.userdashboardmodule", "pk": 10, "fields": {"title": "Recent Actions", "module": "jet.dashboard.modules.RecentActions", "app_label": "account", "user": 1, "column": 1, "order": 0, "settings": "{\"limit\": 10, \"include_list\": [\"account.*\"], \"exclude_list\": null, \"user\": null}", "children": "", "collapsed": false}}, {"model": "dashboard.userdashboardmodule", "pk": 11, "fields": {"title": "Application models", "module": "jet.dashboard.modules.ModelList", "app_label": "auth", "user": 1, "column": 0, "order": 0, "settings": "{\"models\": [\"auth.*\"], \"exclude\": null}", "children": "", "collapsed": false}}, {"model": "dashboard.userdashboardmodule", "pk": 12, "fields": {"title": "Recent Actions", "module": "jet.dashboard.modules.RecentActions", "app_label": "auth", "user": 1, "column": 1, "order": 0, "settings": "{\"limit\": 10, \"include_list\": [\"auth.*\"], \"exclude_list\": null, \"user\": null}", "children": "", "collapsed": false}}, {"model": "dashboard.userdashboardmodule", "pk": 13, "fields": {"title": "Application models", "module": "jet.dashboard.modules.ModelList", "app_label": "contact", "user": 1, "column": 0, "order": 0, "settings": "{\"models\": [\"contact.*\"], \"exclude\": null}", "children": "", "collapsed": false}}, {"model": "dashboard.userdashboardmodule", "pk": 14, "fields": {"title": "Recent Actions", "module": "jet.dashboard.modules.RecentActions", "app_label": "contact", "user": 1, "column": 1, "order": 0, "settings": "{\"limit\": 10, \"include_list\": [\"contact.*\"], \"exclude_list\": null, \"user\": null}", "children": "", "collapsed": false}}, {"model": "dashboard.userdashboardmodule", "pk": 15, "fields": {"title": "Application models", "module": "jet.dashboard.modules.ModelList", "app_label": "index", "user": 1, "column": 0, "order": 0, "settings": "{\"models\": [\"index.*\"], \"exclude\": null}", "children": "", "collapsed": false}}, {"model": "dashboard.userdashboardmodule", "pk": 16, "fields": {"title": "Recent Actions", "module": "jet.dashboard.modules.RecentActions", "app_label": "index", "user": 1, "column": 1, "order": 0, "settings": "{\"limit\": 10, \"include_list\": [\"index.*\"], \"exclude_list\": null, \"user\": null}", "children": "", "collapsed": false}}, {"model": "dashboard.userdashboardmodule", "pk": 17, "fields": {"title": "Application models", "module": "jet.dashboard.modules.ModelList", "app_label": "order", "user": 1, "column": 0, "order": 0, "settings": "{\"models\": [\"order.*\"], \"exclude\": null}", "children": "", "collapsed": false}}, {"model": "dashboard.userdashboardmodule", "pk": 18, "fields": {"title": "Recent Actions", "module": "jet.dashboard.modules.RecentActions", "app_label": "order", "user": 1, "column": 1, "order": 0, "settings": "{\"limit\": 10, \"include_list\": [\"order.*\"], \"exclude_list\": null, \"user\": null}", "children": "", "collapsed": false}}, {"model": "jet.pinnedapplication", "pk": 3, "fields": {"app_label": "product", "user": 1, "date_add": "2021-03-09T17:07:56.990Z"}}, {"model": "contact.contact", "pk": 1, "fields": {"first_name": "Husubayli", "last_name": "Elvin", "phone_number": "+994505262026", "email": "husubeyli@gmail.com", "message": "ad", "created_at": "2021-02-26T00:19:53.204Z"}}, {"model": "contact.contact", "pk": 2, "fields": {"first_name": "Husubayli", "last_name": "Elvin", "phone_number": "+994559990770", "email": "husubeyli@gmail.com", "message": "sada", "created_at": "2021-02-26T09:09:39.775Z"}}, {"model": "contact.contact", "pk": 4, "fields": {"first_name": "Husubayli", "last_name": "Elvin", "phone_number": "+994505262026", "email": "husubeyli@gmail.com", "message": "salam", "created_at": "2021-02-26T12:01:48.555Z"}}, {"model": "contact.contact", "pk": 5, "fields": {"first_name": "Husubayli", "last_name": "Elvin", "phone_number": "+994505262026", "email": "husubeyli@gmail.com", "message": "salam", "created_at": "2021-02-26T12:03:23.204Z"}}, {"model": "contact.contact", "pk": 6, "fields": {"first_name": "Husubayli", "last_name": "Elvin", "phone_number": "+994505262026", "email": "husubeyli@gmail.com", "message": "salam", "created_at": "2021-02-26T12:06:00.292Z"}}, {"model": "contact.contact", "pk": 7, "fields": {"first_name": "Husubayli", "last_name": "Elvin", "phone_number": "+994505262026", "email": "husubeyli@gmail.com", "message": "salam", "created_at": "2021-02-26T12:06:57.305Z"}}, {"model": "contact.contact", "pk": 8, "fields": {"first_name": "Husubayli", "last_name": "Elvin", "phone_number": "+994505262026", "email": "husubeyli@gmail.com", "message": "salam", "created_at": "2021-02-26T12:07:12.287Z"}}, {"model": "contact.contact", "pk": 9, "fields": {"first_name": "Husubayli", "last_name": "Elvin", "phone_number": "+994505262026", "email": "husubeyli@gmail.com", "message": "salam", "created_at": "2021-02-26T12:08:55.309Z"}}, {"model": "contact.contact", "pk": 10, "fields": {"first_name": "Husubayli", "last_name": "Elvin", "phone_number": "+994505262026", "email": "husubeyli@gmail.com", "message": "sa", "created_at": "2021-02-26T12:09:37.292Z"}}, {"model": "product.marka", "pk": 1, "fields": {"title": "Apple", "image": "", "description": "expensive one", "slug": "apple-1", "status": true, "created_at": "2021-04-27T12:27:20.375Z", "updated_at": "2021-04-27T12:27:20.376Z"}}, {"model": "product.marka", "pk": 27, "fields": {"title": "Apple", "image": "", "description": "", "slug": "apple", "status": true, "created_at": "2021-02-19T22:24:34.504Z", "updated_at": "2021-02-19T22:24:34.535Z"}}, {"model": "product.marka", "pk": 32, "fields": {"title": "Samsung", "image": "", "description": "", "slug": "samsung-32", "status": true, "created_at": "2021-02-23T22:00:19.435Z", "updated_at": "2021-02-23T22:00:19.453Z"}}, {"model": "product.marka", "pk": 33, "fields": {"title": "Bakcell", "image": "marka_images/bakcell.png", "description": "", "slug": "bakcell-33", "status": true, "created_at": "2021-03-01T14:47:07.936Z", "updated_at": "2021-03-01T14:59:22.950Z"}}, {"model": "product.marka", "pk": 34, "fields": {"title": "Azercell", "image": "marka_images/azercell_PbFzgQt.png", "description": "", "slug": "azercell-34", "status": true, "created_at": "2021-03-01T16:39:02.636Z", "updated_at": "2021-03-05T00:15:14.047Z"}}, {"model": "product.marka", "pk": 35, "fields": {"title": "Xiaomi", "image": "", "description": "", "slug": "xiaomi-35", "status": true, "created_at": "2021-03-04T21:28:15.331Z", "updated_at": "2021-03-04T21:28:15.375Z"}}, {"model": "product.marka", "pk": 36, "fields": {"title": "Nokia", "image": "", "description": "", "slug": "nokia-36", "status": true, "created_at": "2021-03-04T22:25:38.694Z", "updated_at": "2021-03-04T22:25:38.727Z"}}, {"model": "product.marka", "pk": 37, "fields": {"title": "Acer", "image": "", "description": "", "slug": "acer-37", "status": true, "created_at": "2021-03-04T23:21:28.264Z", "updated_at": "2021-03-04T23:21:28.375Z"}}, {"model": "product.marka", "pk": 38, "fields": {"title": "HP", "image": "", "description": "", "slug": "hp-38", "status": true, "created_at": "2021-03-04T23:21:42.043Z", "updated_at": "2021-03-04T23:21:42.072Z"}}, {"model": "product.marka", "pk": 39, "fields": {"title": "JBL", "image": "", "description": "", "slug": "jbl-39", "status": true, "created_at": "2021-03-04T23:54:41.037Z", "updated_at": "2021-03-04T23:54:41.085Z"}}, {"model": "product.marka", "pk": 40, "fields": {"title": "Nar", "image": "marka_images/azercell-3860895026_gV4ToSL.jpg", "description": "", "slug": "nar-40", "status": true, "created_at": "2021-03-05T00:09:11.743Z", "updated_at": "2021-04-07T17:12:16.353Z"}}, {"model": "product.marka", "pk": 41, "fields": {"title": "Lenova", "image": "", "description": "cheep one", "slug": "lenova-41", "status": true, "created_at": "2021-04-02T03:12:15.541Z", "updated_at": "2021-04-02T03:12:15.542Z"}}, {"model": "product.marka", "pk": 42, "fields": {"title": "Motorola", "image": "", "description": "old one", "slug": "motorola-42", "status": true, "created_at": "2021-04-02T13:06:43.092Z", "updated_at": "2021-04-02T13:06:43.093Z"}}, {"model": "product.category", "pk": 91, "fields": {"title": "Telefon və planşetlər", "image": "", "description": "", "slug": "telefon-ve-plansetler", "is_main": true, "is_second": false, "is_third": false, "status": true, "created_at": "2021-03-04T16:31:34.348Z", "updated_at": "2021-03-04T16:36:12.306Z", "parent": [95, 96, 97, 98, 99, 100, 101, 103, 104, 105, 115, 119, 124]}}, {"model": "product.category", "pk": 92, "fields": {"title": "Kompüter texnikası", "image": "", "description": "", "slug": "komputer-texnikasi", "is_main": true, "is_second": false, "is_third": false, "status": true, "created_at": "2021-03-04T16:32:29.227Z", "updated_at": "2021-03-04T16:36:22.179Z", "parent": [106, 107, 108, 116, 117, 118, 124, 125]}}, {"model": "product.category", "pk": 93, "fields": {"title": "Aksesuarlar", "image": "", "description": "", "slug": "aksesuarlar", "is_main": true, "is_second": false, "is_third": false, "status": true, "created_at": "2021-03-04T16:36:39.300Z", "updated_at": "2021-03-04T16:36:39.401Z", "parent": [109, 110, 111, 120, 124]}}, {"model": "product.category", "pk": 94, "fields": {"title": "Nömrələr", "image": "", "description": "", "slug": "nomreler", "is_main": true, "is_second": false, "is_third": false, "status": true, "created_at": "2021-03-04T16:37:21.431Z", "updated_at": "2021-03-04T16:37:21.557Z", "parent": [112, 113, 114, 124]}}, {"model": "product.category", "pk": 95, "fields": {"title": "Smartfonlar", "image": "", "description": "", "slug": "telefon-ve-plansetler-smartfonlar", "is_main": false, "is_second": true, "is_third": false, "status": true, "created_at": "2021-03-04T16:37:35.564Z", "updated_at": "2021-03-04T16:37:35.772Z", "parent": [91, 98, 99, 100, 124]}}, {"model": "product.category", "pk": 96, "fields": {"title": "Planşetlər", "image": "", "description": "", "slug": "telefon-ve-plansetler-plansetler", "is_main": false, "is_second": true, "is_third": false, "status": true, "created_at": "2021-03-04T16:38:22.749Z", "updated_at": "2021-03-04T16:38:22.926Z", "parent": [91, 101, 102, 103, 119]}}, {"model": "product.category", "pk": 97, "fields": {"title": "Düyməli telefonlar", "image": "", "description": "", "slug": "telefon-ve-plansetler-duymeli-telefonlar", "is_main": false, "is_second": true, "is_third": false, "status": true, "created_at": "2021-03-04T16:38:48.091Z", "updated_at": "2021-03-04T16:38:48.249Z", "parent": [91, 104, 105, 115]}}, {"model": "product.category", "pk": 98, "fields": {"title": "Apple", "image": "", "description": "", "slug": "smartfonlar-apple", "is_main": false, "is_second": false, "is_third": true, "status": true, "created_at": "2021-03-04T16:39:03.206Z", "updated_at": "2021-03-04T16:39:03.390Z", "parent": [91, 95]}}, {"model": "product.category", "pk": 99, "fields": {"title": "Samsung", "image": "", "description": "", "slug": "smartfonlar-samsung", "is_main": false, "is_second": false, "is_third": true, "status": true, "created_at": "2021-03-04T16:39:25.810Z", "updated_at": "2021-03-04T16:39:25.968Z", "parent": [91, 95]}}, {"model": "product.category", "pk": 100, "fields": {"title": "Xiaomi", "image": "", "description": "", "slug": "smartfonlar-xiaomi", "is_main": false, "is_second": false, "is_third": true, "status": true, "created_at": "2021-03-04T16:39:44.515Z", "updated_at": "2021-03-04T16:39:44.687Z", "parent": [91, 95]}}, {"model": "product.category", "pk": 101, "fields": {"title": "Apple", "image": "", "description": "", "slug": "plansetler-apple", "is_main": false, "is_second": false, "is_third": true, "status": true, "created_at": "2021-03-04T16:40:02.531Z", "updated_at": "2021-03-04T16:40:02.821Z", "parent": [91, 96]}}, {"model": "product.category", "pk": 102, "fields": {"title": "Samsung", "image": "", "description": "", "slug": "plansetler-samsung", "is_main": false, "is_second": false, "is_third": true, "status": true, "created_at": "2021-03-04T16:40:46.910Z", "updated_at": "2021-03-04T16:40:47.192Z", "parent": [96]}}, {"model": "product.category", "pk": 103, "fields": {"title": "Xiaomi", "image": "", "description": "", "slug": "plansetler-xiaomi", "is_main": false, "is_second": false, "is_third": true, "status": true, "created_at": "2021-03-04T16:41:06.665Z", "updated_at": "2021-03-04T16:41:06.836Z", "parent": [91, 96]}}, {"model": "product.category", "pk": 104, "fields": {"title": "Nokia", "image": "", "description": "", "slug": "duymeli-telefonlar-nokia", "is_main": false, "is_second": false, "is_third": true, "status": true, "created_at": "2021-03-04T16:42:04.232Z", "updated_at": "2021-03-04T16:42:04.402Z", "parent": [91, 97]}}, {"model": "product.category", "pk": 105, "fields": {"title": "Motorola", "image": "", "description": "", "slug": "duymeli-telefonlar-motorola", "is_main": false, "is_second": false, "is_third": true, "status": true, "created_at": "2021-03-04T16:42:25.602Z", "updated_at": "2021-03-04T16:42:25.832Z", "parent": [91, 97]}}, {"model": "product.category", "pk": 106, "fields": {"title": "Notbuklar", "image": "", "description": "", "slug": "komputer-texnikasi-notbuklar", "is_main": false, "is_second": true, "is_third": false, "status": true, "created_at": "2021-03-04T16:42:57.252Z", "updated_at": "2021-03-04T23:15:10.586Z", "parent": [92, 116, 117, 118]}}, {"model": "product.category", "pk": 107, "fields": {"title": "Scaner", "image": "", "description": "", "slug": "komputer-texnikasi-scaner", "is_main": false, "is_second": true, "is_third": false, "status": true, "created_at": "2021-03-04T16:43:30.447Z", "updated_at": "2021-03-04T23:15:20.847Z", "parent": [92]}}, {"model": "product.category", "pk": 108, "fields": {"title": "Printer", "image": "", "description": "", "slug": "komputer-texnikasi-printer", "is_main": false, "is_second": true, "is_third": false, "status": true, "created_at": "2021-03-04T16:43:52.708Z", "updated_at": "2021-03-04T23:15:30.838Z", "parent": [92]}}, {"model": "product.category", "pk": 109, "fields": {"title": "Qulaqcıq", "image": "", "description": "", "slug": "aksesuarlar-qulaqciq", "is_main": false, "is_second": true, "is_third": false, "status": true, "created_at": "2021-03-04T16:44:46.640Z", "updated_at": "2021-03-04T16:44:47.127Z", "parent": [93]}}, {"model": "product.category", "pk": 110, "fields": {"title": "Ekran qoruyucu", "image": "", "description": "", "slug": "aksesuarlar-ekran-qoruyucu", "is_main": false, "is_second": true, "is_third": false, "status": true, "created_at": "2021-03-04T16:45:05.198Z", "updated_at": "2021-03-04T16:45:05.367Z", "parent": [93]}}, {"model": "product.category", "pk": 111, "fields": {"title": "Adapter", "image": "", "description": "", "slug": "aksesuarlar-adapter", "is_main": false, "is_second": true, "is_third": false, "status": true, "created_at": "2021-03-04T16:45:42.947Z", "updated_at": "2021-03-04T16:45:43.144Z", "parent": [93]}}, {"model": "product.category", "pk": 112, "fields": {"title": "Azercell", "image": "", "description": "", "slug": "nomreler-azercell", "is_main": false, "is_second": true, "is_third": false, "status": true, "created_at": "2021-03-04T16:46:14.031Z", "updated_at": "2021-03-04T16:46:14.217Z", "parent": [94]}}, {"model": "product.category", "pk": 113, "fields": {"title": "Bakcell", "image": "", "description": "", "slug": "nomreler-bakcell", "is_main": false, "is_second": true, "is_third": false, "status": true, "created_at": "2021-03-04T16:46:27.489Z", "updated_at": "2021-03-04T16:46:27.659Z", "parent": [94]}}, {"model": "product.category", "pk": 114, "fields": {"title": "Nar", "image": "", "description": "", "slug": "nomreler-nar", "is_main": false, "is_second": true, "is_third": false, "status": true, "created_at": "2021-03-04T16:46:44.198Z", "updated_at": "2021-03-04T16:48:33.977Z", "parent": [94]}}, {"model": "product.category", "pk": 115, "fields": {"title": "Samsung", "image": "", "description": "", "slug": "duymeli-telefonlar-samsung", "is_main": false, "is_second": false, "is_third": true, "status": true, "created_at": "2021-03-04T16:47:39.758Z", "updated_at": "2021-03-04T16:47:55.296Z", "parent": [91, 97]}}, {"model": "product.category", "pk": 116, "fields": {"title": "Acer", "image": "", "description": "", "slug": "notbuklar-acer", "is_main": false, "is_second": false, "is_third": true, "status": true, "created_at": "2021-03-04T23:16:26.844Z", "updated_at": "2021-03-04T23:16:27.111Z", "parent": [92, 106]}}, {"model": "product.category", "pk": 117, "fields": {"title": "Apple", "image": "", "description": "", "slug": "notbuklar-apple", "is_main": false, "is_second": false, "is_third": true, "status": true, "created_at": "2021-03-04T23:16:56.629Z", "updated_at": "2021-03-04T23:19:13.950Z", "parent": [92, 106]}}, {"model": "product.category", "pk": 118, "fields": {"title": "HP", "image": "", "description": "", "slug": "notbuklar-hp", "is_main": false, "is_second": false, "is_third": true, "status": true, "created_at": "2021-03-04T23:17:25.805Z", "updated_at": "2021-03-04T23:19:24.672Z", "parent": [92, 106]}}, {"model": "product.category", "pk": 119, "fields": {"title": "Lenovo", "image": "", "description": "", "slug": "plansetler-lenovo", "is_main": false, "is_second": false, "is_third": true, "status": true, "created_at": "2021-04-02T06:06:38.316Z", "updated_at": "2021-04-03T06:27:41.999Z", "parent": [91, 96]}}, {"model": "product.category", "pk": 120, "fields": {"title": "kabro", "image": "", "description": "", "slug": "aksesuarlar-kabro", "is_main": false, "is_second": true, "is_third": false, "status": true, "created_at": "2021-04-03T01:12:26.594Z", "updated_at": "2021-04-03T01:12:26.601Z", "parent": [93]}}, {"model": "product.category", "pk": 124, "fields": {"title": "honor", "image": "", "description": "", "slug": "smartfonlar-honor", "is_main": false, "is_second": false, "is_third": true, "status": true, "created_at": "2021-04-03T06:39:08.157Z", "updated_at": "2021-04-03T06:39:08.164Z", "parent": [91, 92, 93, 94, 95]}}, {"model": "product.category", "pk": 125, "fields": {"title": "PC", "image": "", "description": "", "slug": "komputer-texnikasi-pc", "is_main": false, "is_second": true, "is_third": false, "status": true, "created_at": "2021-04-03T06:39:46.584Z", "updated_at": "2021-04-03T06:39:46.591Z", "parent": [92]}}, {"model": "product.product", "pk": 61, "fields": {"title": "Iphone SE", "color_title": "Black", "color_code": "#000000", "internal_storage": "128", "ram": "8", "operator_code": null, "slug": "iphone-se-8gb-128gb-black", "sku": "000001", "description": "black one", "sale_count": 0, "is_published": true, "is_new": true, "is_new_expired": "2021-05-27T12:32:34Z", "is_featured": false, "is_discount": true, "price": "850.00", "old_price": null, "discount_type": 3, "discount_value": 50, "status": true, "created_at": "2021-04-27T12:38:01.497Z", "updated_at": "2021-05-05T11:59:40.954Z", "tags": [], "same_product": [64, 63, 62], "category": [91, 95, 98], "who_like": [], "marka": [1]}}, {"model": "product.product", "pk": 62, "fields": {"title": "Iphone SE", "color_title": "Green", "color_code": "#00FF00", "internal_storage": "64", "ram": "4", "operator_code": null, "slug": "iphone-se-4gb-64gb-green", "sku": "000001", "description": "green one", "sale_count": 0, "is_published": true, "is_new": true, "is_new_expired": "2021-05-27T12:32:34Z", "is_featured": false, "is_discount": true, "price": "850.00", "old_price": null, "discount_type": 2, "discount_value": 10, "status": true, "created_at": "2021-04-27T12:41:46.789Z", "updated_at": "2021-05-05T11:59:01.896Z", "tags": [], "same_product": [64, 63, 61], "category": [91, 95, 98], "who_like": [], "marka": [1]}}, {"model": "product.product", "pk": 63, "fields": {"title": "Iphone SE", "color_title": "Red", "color_code": "#FF0000", "internal_storage": "32", "ram": "4", "operator_code": null, "slug": "iphone-se-4gb-32gb-red", "sku": "000001", "description": "red one", "sale_count": 0, "is_published": true, "is_new": true, "is_new_expired": "2021-05-27T12:32:34Z", "is_featured": false, "is_discount": true, "price": "1000.00", "old_price": null, "discount_type": 2, "discount_value": 10, "status": true, "created_at": "2021-04-27T12:43:10.676Z", "updated_at": "2021-05-18T14:18:02.041Z", "tags": [], "same_product": [64, 62, 61], "category": [91, 95, 98], "who_like": [], "marka": [1]}}, {"model": "product.product", "pk": 64, "fields": {"title": "Iphone SE", "color_title": "Blue", "color_code": "#0000FF", "internal_storage": "128", "ram": "8", "operator_code": null, "slug": "iphone-se-8gb-128gb-blue", "sku": "000001", "description": "blue one", "sale_count": 0, "is_published": true, "is_new": true, "is_new_expired": "2021-05-27T12:32:34Z", "is_featured": false, "is_discount": true, "price": "1000.00", "old_price": null, "discount_type": 3, "discount_value": 50, "status": true, "created_at": "2021-04-27T12:46:51.819Z", "updated_at": "2021-05-05T11:56:40.255Z", "tags": [], "same_product": [63, 62, 61], "category": [91, 95, 98], "who_like": [], "marka": [1]}}, {"model": "product.product_details", "pk": 306, "fields": {"product": 61, "product_details_property_name": 12, "content": "2020", "is_feature": false, "is_detail": false, "is_file": false, "status": true, "created_at": "2021-04-27T12:38:01.610Z", "updated_at": "2021-04-27T12:38:01.610Z"}}, {"model": "product.product_details", "pk": 307, "fields": {"product": 61, "product_details_property_name": 13, "content": "128", "is_feature": false, "is_detail": false, "is_file": false, "status": true, "created_at": "2021-04-27T12:38:01.611Z", "updated_at": "2021-04-27T12:38:01.611Z"}}, {"model": "product.product_details", "pk": 308, "fields": {"product": 61, "product_details_property_name": 16, "content": "IOS", "is_feature": false, "is_detail": false, "is_file": false, "status": true, "created_at": "2021-04-27T12:38:01.611Z", "updated_at": "2021-04-27T12:38:01.611Z"}}, {"model": "product.product_details", "pk": 309, "fields": {"product": 61, "product_details_property_name": 26, "content": "3D", "is_feature": false, "is_detail": false, "is_file": false, "status": true, "created_at": "2021-04-27T12:38:01.612Z", "updated_at": "2021-04-27T12:38:01.612Z"}}, {"model": "product.product_details", "pk": 310, "fields": {"product": 61, "product_details_property_name": 20, "content": "8", "is_feature": false, "is_detail": false, "is_file": false, "status": true, "created_at": "2021-04-27T12:38:01.612Z", "updated_at": "2021-04-27T12:38:01.612Z"}}, {"model": "product.product_details", "pk": 311, "fields": {"product": 61, "product_details_property_name": 27, "content": "2", "is_feature": false, "is_detail": false, "is_file": false, "status": true, "created_at": "2021-04-27T12:38:01.613Z", "updated_at": "2021-04-27T12:38:01.613Z"}}, {"model": "product.product_details", "pk": 312, "fields": {"product": 61, "product_details_property_name": 29, "content": "var", "is_feature": false, "is_detail": false, "is_file": false, "status": true, "created_at": "2021-04-27T12:38:01.614Z", "updated_at": "2021-04-27T12:38:01.614Z"}}, {"model": "product.product_details", "pk": 313, "fields": {"product": 61, "product_details_property_name": 30, "content": "var", "is_feature": false, "is_detail": false, "is_file": false, "status": true, "created_at": "2021-04-27T12:38:01.614Z", "updated_at": "2021-04-27T12:38:01.614Z"}}, {"model": "product.product_details", "pk": 314, "fields": {"product": 61, "product_details_property_name": 19, "content": "8", "is_feature": false, "is_detail": false, "is_file": false, "status": true, "created_at": "2021-04-27T12:38:01.615Z", "updated_at": "2021-04-27T12:38:01.615Z"}}, {"model": "product.product_details", "pk": 315, "fields": {"product": 61, "product_details_property_name": 32, "content": "6000MAH", "is_feature": false, "is_detail": false, "is_file": false, "status": true, "created_at": "2021-04-27T12:38:01.615Z", "updated_at": "2021-04-27T12:38:01.615Z"}}, {"model": "product.product_details", "pk": 316, "fields": {"product": 62, "product_details_property_name": 12, "content": "2020", "is_feature": false, "is_detail": false, "is_file": false, "status": true, "created_at": "2021-04-27T12:41:46.895Z", "updated_at": "2021-04-27T12:41:46.895Z"}}, {"model": "product.product_details", "pk": 317, "fields": {"product": 62, "product_details_property_name": 13, "content": "128", "is_feature": false, "is_detail": false, "is_file": false, "status": true, "created_at": "2021-04-27T12:41:46.896Z", "updated_at": "2021-04-27T12:41:46.896Z"}}, {"model": "product.product_details", "pk": 318, "fields": {"product": 62, "product_details_property_name": 16, "content": "IOS", "is_feature": false, "is_detail": false, "is_file": false, "status": true, "created_at": "2021-04-27T12:41:46.897Z", "updated_at": "2021-04-27T12:41:46.897Z"}}, {"model": "product.product_details", "pk": 319, "fields": {"product": 62, "product_details_property_name": 26, "content": "3D", "is_feature": false, "is_detail": false, "is_file": false, "status": true, "created_at": "2021-04-27T12:41:46.897Z", "updated_at": "2021-04-27T12:41:46.897Z"}}, {"model": "product.product_details", "pk": 320, "fields": {"product": 62, "product_details_property_name": 20, "content": "8", "is_feature": false, "is_detail": false, "is_file": false, "status": true, "created_at": "2021-04-27T12:41:46.898Z", "updated_at": "2021-04-27T12:41:46.898Z"}}, {"model": "product.product_details", "pk": 321, "fields": {"product": 62, "product_details_property_name": 27, "content": "2", "is_feature": false, "is_detail": false, "is_file": false, "status": true, "created_at": "2021-04-27T12:41:46.898Z", "updated_at": "2021-04-27T12:41:46.898Z"}}, {"model": "product.product_details", "pk": 322, "fields": {"product": 62, "product_details_property_name": 29, "content": "var", "is_feature": false, "is_detail": false, "is_file": false, "status": true, "created_at": "2021-04-27T12:41:46.899Z", "updated_at": "2021-04-27T12:41:46.899Z"}}, {"model": "product.product_details", "pk": 323, "fields": {"product": 62, "product_details_property_name": 30, "content": "var", "is_feature": false, "is_detail": false, "is_file": false, "status": true, "created_at": "2021-04-27T12:41:46.899Z", "updated_at": "2021-04-27T12:41:46.899Z"}}, {"model": "product.product_details", "pk": 324, "fields": {"product": 62, "product_details_property_name": 19, "content": "8", "is_feature": false, "is_detail": false, "is_file": false, "status": true, "created_at": "2021-04-27T12:41:46.900Z", "updated_at": "2021-04-27T12:41:46.900Z"}}, {"model": "product.product_details", "pk": 325, "fields": {"product": 62, "product_details_property_name": 32, "content": "6000MAH", "is_feature": false, "is_detail": false, "is_file": false, "status": true, "created_at": "2021-04-27T12:41:46.900Z", "updated_at": "2021-04-27T12:41:46.900Z"}}, {"model": "product.product_details", "pk": 326, "fields": {"product": 63, "product_details_property_name": 12, "content": "2020", "is_feature": false, "is_detail": false, "is_file": false, "status": true, "created_at": "2021-04-27T12:43:10.743Z", "updated_at": "2021-04-27T12:43:10.743Z"}}, {"model": "product.product_details", "pk": 327, "fields": {"product": 63, "product_details_property_name": 13, "content": "128", "is_feature": false, "is_detail": false, "is_file": false, "status": true, "created_at": "2021-04-27T12:43:10.744Z", "updated_at": "2021-04-27T12:43:10.744Z"}}, {"model": "product.product_details", "pk": 328, "fields": {"product": 63, "product_details_property_name": 16, "content": "IOS", "is_feature": false, "is_detail": false, "is_file": false, "status": true, "created_at": "2021-04-27T12:43:10.744Z", "updated_at": "2021-04-27T12:43:10.744Z"}}, {"model": "product.product_details", "pk": 329, "fields": {"product": 63, "product_details_property_name": 26, "content": "3D", "is_feature": false, "is_detail": false, "is_file": false, "status": true, "created_at": "2021-04-27T12:43:10.744Z", "updated_at": "2021-04-27T12:43:10.744Z"}}, {"model": "product.product_details", "pk": 330, "fields": {"product": 63, "product_details_property_name": 20, "content": "8", "is_feature": false, "is_detail": false, "is_file": false, "status": true, "created_at": "2021-04-27T12:43:10.745Z", "updated_at": "2021-04-27T12:43:10.745Z"}}, {"model": "product.product_details", "pk": 331, "fields": {"product": 63, "product_details_property_name": 27, "content": "2", "is_feature": false, "is_detail": false, "is_file": false, "status": true, "created_at": "2021-04-27T12:43:10.745Z", "updated_at": "2021-04-27T12:43:10.745Z"}}, {"model": "product.product_details", "pk": 332, "fields": {"product": 63, "product_details_property_name": 29, "content": "var", "is_feature": false, "is_detail": false, "is_file": false, "status": true, "created_at": "2021-04-27T12:43:10.746Z", "updated_at": "2021-04-27T12:43:10.746Z"}}, {"model": "product.product_details", "pk": 333, "fields": {"product": 63, "product_details_property_name": 30, "content": "var", "is_feature": false, "is_detail": false, "is_file": false, "status": true, "created_at": "2021-04-27T12:43:10.746Z", "updated_at": "2021-04-27T12:43:10.746Z"}}, {"model": "product.product_details", "pk": 334, "fields": {"product": 63, "product_details_property_name": 19, "content": "8", "is_feature": false, "is_detail": false, "is_file": false, "status": true, "created_at": "2021-04-27T12:43:10.747Z", "updated_at": "2021-04-27T12:43:10.747Z"}}, {"model": "product.product_details", "pk": 335, "fields": {"product": 63, "product_details_property_name": 32, "content": "6000MAH", "is_feature": false, "is_detail": false, "is_file": false, "status": true, "created_at": "2021-04-27T12:43:10.747Z", "updated_at": "2021-04-27T12:43:10.747Z"}}, {"model": "product.product_details", "pk": 336, "fields": {"product": 64, "product_details_property_name": 12, "content": "2020", "is_feature": false, "is_detail": false, "is_file": false, "status": true, "created_at": "2021-04-27T12:46:51.885Z", "updated_at": "2021-04-27T12:46:51.885Z"}}, {"model": "product.product_details", "pk": 337, "fields": {"product": 64, "product_details_property_name": 13, "content": "128", "is_feature": false, "is_detail": false, "is_file": false, "status": true, "created_at": "2021-04-27T12:46:51.886Z", "updated_at": "2021-04-27T12:46:51.886Z"}}, {"model": "product.product_details", "pk": 338, "fields": {"product": 64, "product_details_property_name": 16, "content": "IOS", "is_feature": false, "is_detail": false, "is_file": false, "status": true, "created_at": "2021-04-27T12:46:51.886Z", "updated_at": "2021-04-27T12:46:51.887Z"}}, {"model": "product.product_details", "pk": 339, "fields": {"product": 64, "product_details_property_name": 26, "content": "3D", "is_feature": false, "is_detail": false, "is_file": false, "status": true, "created_at": "2021-04-27T12:46:51.887Z", "updated_at": "2021-04-27T12:46:51.887Z"}}, {"model": "product.product_details", "pk": 340, "fields": {"product": 64, "product_details_property_name": 20, "content": "8", "is_feature": false, "is_detail": false, "is_file": false, "status": true, "created_at": "2021-04-27T12:46:51.887Z", "updated_at": "2021-04-27T12:46:51.887Z"}}, {"model": "product.product_details", "pk": 341, "fields": {"product": 64, "product_details_property_name": 27, "content": "2", "is_feature": false, "is_detail": false, "is_file": false, "status": true, "created_at": "2021-04-27T12:46:51.888Z", "updated_at": "2021-04-27T12:46:51.888Z"}}, {"model": "product.product_details", "pk": 342, "fields": {"product": 64, "product_details_property_name": 29, "content": "var", "is_feature": false, "is_detail": false, "is_file": false, "status": true, "created_at": "2021-04-27T12:46:51.888Z", "updated_at": "2021-04-27T12:46:51.888Z"}}, {"model": "product.product_details", "pk": 343, "fields": {"product": 64, "product_details_property_name": 30, "content": "var", "is_feature": false, "is_detail": false, "is_file": false, "status": true, "created_at": "2021-04-27T12:46:51.889Z", "updated_at": "2021-04-27T12:46:51.889Z"}}, {"model": "product.product_details", "pk": 344, "fields": {"product": 64, "product_details_property_name": 19, "content": "8", "is_feature": false, "is_detail": false, "is_file": false, "status": true, "created_at": "2021-04-27T12:46:51.889Z", "updated_at": "2021-04-27T12:46:51.889Z"}}, {"model": "product.product_details", "pk": 345, "fields": {"product": 64, "product_details_property_name": 32, "content": "6000MAH", "is_feature": false, "is_detail": false, "is_file": false, "status": true, "created_at": "2021-04-27T12:46:51.889Z", "updated_at": "2021-04-27T12:46:51.890Z"}}, {"model": "product.product_details_property_name", "pk": 12, "fields": {"title": "Istehsal ili", "status": true, "created_at": "2021-02-23T07:30:42.183Z", "updated_at": "2021-02-23T07:30:42.183Z"}}, {"model": "product.product_details_property_name", "pk": 13, "fields": {"title": "Yaddas", "status": true, "created_at": "2021-02-23T07:30:49.151Z", "updated_at": "2021-02-23T07:30:49.151Z"}}, {"model": "product.product_details_property_name", "pk": 14, "fields": {"title": "Model", "status": true, "created_at": "2021-03-04T19:52:53.701Z", "updated_at": "2021-03-04T19:52:53.701Z"}}, {"model": "product.product_details_property_name", "pk": 16, "fields": {"title": "Əməliyyat sistemi", "status": true, "created_at": "2021-03-04T19:54:46.208Z", "updated_at": "2021-03-04T19:54:46.208Z"}}, {"model": "product.product_details_property_name", "pk": 17, "fields": {"title": "Ekranın ölçüsü", "status": true, "created_at": "2021-03-04T19:55:35.930Z", "updated_at": "2021-03-04T19:55:35.930Z"}}, {"model": "product.product_details_property_name", "pk": 18, "fields": {"title": "Ekranın imkanları", "status": true, "created_at": "2021-03-04T19:55:46.416Z", "updated_at": "2021-03-04T19:55:46.416Z"}}, {"model": "product.product_details_property_name", "pk": 19, "fields": {"title": "Operativ yaddaş (RAM)", "status": true, "created_at": "2021-03-04T19:56:04.530Z", "updated_at": "2021-03-04T19:56:04.530Z"}}, {"model": "product.product_details_property_name", "pk": 20, "fields": {"title": "Daxili Yaddaş", "status": true, "created_at": "2021-03-04T19:56:18.122Z", "updated_at": "2021-03-04T19:56:18.122Z"}}, {"model": "product.product_details_property_name", "pk": 21, "fields": {"title": "Prosessor", "status": true, "created_at": "2021-03-04T19:56:31.422Z", "updated_at": "2021-03-04T19:56:31.423Z"}}, {"model": "product.product_details_property_name", "pk": 22, "fields": {"title": "Əsas Kamera", "status": true, "created_at": "2021-03-04T20:04:14.052Z", "updated_at": "2021-03-04T20:04:14.052Z"}}, {"model": "product.product_details_property_name", "pk": 23, "fields": {"title": "Ön Kamera", "status": true, "created_at": "2021-03-04T20:04:39.510Z", "updated_at": "2021-03-04T20:04:39.510Z"}}, {"model": "product.product_details_property_name", "pk": 24, "fields": {"title": "Video imkanları", "status": true, "created_at": "2021-03-04T20:04:56.574Z", "updated_at": "2021-03-04T20:04:56.574Z"}}, {"model": "product.product_details_property_name", "pk": 25, "fields": {"title": "Şəbəkə", "status": true, "created_at": "2021-03-04T20:05:20.115Z", "updated_at": "2021-03-04T20:05:20.115Z"}}, {"model": "product.product_details_property_name", "pk": 26, "fields": {"title": "Təhlükəsizlik", "status": true, "created_at": "2021-03-04T20:06:18.707Z", "updated_at": "2021-03-04T20:06:18.707Z"}}, {"model": "product.product_details_property_name", "pk": 27, "fields": {"title": "Sim-kart sayı", "status": true, "created_at": "2021-03-04T20:06:33.540Z", "updated_at": "2021-03-04T20:06:33.540Z"}}, {"model": "product.product_details_property_name", "pk": 28, "fields": {"title": "Yaddaş kart dəstəyi", "status": true, "created_at": "2021-03-04T20:06:48.603Z", "updated_at": "2021-03-04T20:06:48.603Z"}}, {"model": "product.product_details_property_name", "pk": 29, "fields": {"title": "NFC", "status": true, "created_at": "2021-03-04T20:06:59.232Z", "updated_at": "2021-03-04T20:06:59.232Z"}}, {"model": "product.product_details_property_name", "pk": 30, "fields": {"title": "Su və toz davamlılığı", "status": true, "created_at": "2021-03-04T20:07:10.403Z", "updated_at": "2021-03-04T20:07:10.403Z"}}, {"model": "product.product_details_property_name", "pk": 31, "fields": {"title": "Naqilsiz şarj", "status": true, "created_at": "2021-03-04T20:07:20.565Z", "updated_at": "2021-03-04T20:07:20.565Z"}}, {"model": "product.product_details_property_name", "pk": 32, "fields": {"title": "Batareya növü və tutumu", "status": true, "created_at": "2021-03-04T20:07:35.336Z", "updated_at": "2021-03-04T20:07:35.336Z"}}, {"model": "product.product_details_property_name", "pk": 33, "fields": {"title": "Ölçülər", "status": true, "created_at": "2021-03-04T20:07:49.176Z", "updated_at": "2021-03-04T20:07:49.176Z"}}, {"model": "product.product_details_property_name", "pk": 34, "fields": {"title": "Çəki", "status": true, "created_at": "2021-03-04T20:07:57.941Z", "updated_at": "2021-03-04T20:07:57.941Z"}}, {"model": "product.product_details_property_name", "pk": 35, "fields": {"title": "Nüvələrin sayı", "status": true, "created_at": "2021-03-04T23:22:25.745Z", "updated_at": "2021-03-04T23:22:25.745Z"}}, {"model": "product.product_details_property_name", "pk": 36, "fields": {"title": "Videokart növü", "status": true, "created_at": "2021-03-04T23:22:41.142Z", "updated_at": "2021-03-04T23:22:41.142Z"}}, {"model": "product.product_details_property_name", "pk": 37, "fields": {"title": "Mikrofon", "status": true, "created_at": "2021-03-04T23:22:52.146Z", "updated_at": "2021-03-04T23:22:52.146Z"}}, {"model": "product.product_details_property_name", "pk": 38, "fields": {"title": "Wi-Fi", "status": true, "created_at": "2021-03-04T23:23:03.548Z", "updated_at": "2021-03-04T23:23:03.548Z"}}, {"model": "product.product_details_property_name", "pk": 39, "fields": {"title": "Enerji yığma müddəti", "status": true, "created_at": "2021-03-04T23:56:35.667Z", "updated_at": "2021-03-04T23:56:35.667Z"}}, {"model": "product.product_details_property_name", "pk": 40, "fields": {"title": "İşləmə müddəti", "status": true, "created_at": "2021-03-04T23:56:50.179Z", "updated_at": "2021-03-04T23:56:50.179Z"}}, {"model": "product.product_details_property_name", "pk": 41, "fields": {"title": "Bluetooth məsafəsi", "status": true, "created_at": "2021-03-04T23:57:02.536Z", "updated_at": "2021-03-04T23:57:02.536Z"}}, {"model": "product.product_details_property_name", "pk": 42, "fields": {"title": "Zəngə cavab və imtina", "status": true, "created_at": "2021-03-04T23:57:15.454Z", "updated_at": "2021-03-04T23:57:15.454Z"}}, {"model": "product.product_details_property_name", "pk": 43, "fields": {"title": "NFC", "status": true, "created_at": "2021-04-27T12:32:10.346Z", "updated_at": "2021-04-27T12:32:10.346Z"}}, {"model": "product.product_details_property_value", "pk": 8, "fields": {"content": "2020", "file": "", "status": true, "created_at": "2021-02-23T07:30:10.338Z", "updated_at": "2021-02-23T07:30:10.338Z"}}, {"model": "product.product_details_property_value", "pk": 10, "fields": {"content": "Android 11, One UI 3.1", "file": "", "status": true, "created_at": "2021-03-04T20:10:21.234Z", "updated_at": "2021-03-04T20:10:21.234Z"}}, {"model": "product.product_details_property_value", "pk": 11, "fields": {"content": "6.2\"", "file": "", "status": true, "created_at": "2021-03-04T20:10:31.046Z", "updated_at": "2021-03-04T20:10:31.046Z"}}, {"model": "product.product_details_property_value", "pk": 12, "fields": {"content": "1080 x 2400 px", "file": "", "status": true, "created_at": "2021-03-04T20:10:41.011Z", "updated_at": "2021-03-04T20:10:41.011Z"}}, {"model": "product.product_details_property_value", "pk": 13, "fields": {"content": "8 ", "file": "", "status": true, "created_at": "2021-03-04T20:11:03.073Z", "updated_at": "2021-03-04T20:11:03.073Z"}}, {"model": "product.product_details_property_value", "pk": 14, "fields": {"content": "128 ", "file": "", "status": true, "created_at": "2021-03-04T20:11:14.530Z", "updated_at": "2021-03-04T20:11:14.530Z"}}, {"model": "product.product_details_property_value", "pk": 15, "fields": {"content": "Exynos 2100", "file": "", "status": true, "created_at": "2021-03-04T20:11:26.460Z", "updated_at": "2021-03-04T20:11:26.460Z"}}, {"model": "product.product_details_property_value", "pk": 16, "fields": {"content": "12 + 12 + 64 MP", "file": "", "status": true, "created_at": "2021-03-04T20:11:36.963Z", "updated_at": "2021-03-04T20:11:36.963Z"}}, {"model": "product.product_details_property_value", "pk": 17, "fields": {"content": "10 MP", "file": "", "status": true, "created_at": "2021-03-04T20:11:57.350Z", "updated_at": "2021-03-04T20:11:57.350Z"}}, {"model": "product.product_details_property_value", "pk": 18, "fields": {"content": "8K@30fps, 4K@30/60fps, 1080p@30/60/120fps, 720p@96", "file": "", "status": true, "created_at": "2021-03-04T20:12:27.268Z", "updated_at": "2021-03-04T20:12:27.268Z"}}, {"model": "product.product_details_property_value", "pk": 19, "fields": {"content": "GSM / CDMA / HSPA / EVDO / LTE / 5G", "file": "", "status": true, "created_at": "2021-03-04T20:12:38.943Z", "updated_at": "2021-03-04T20:12:38.943Z"}}, {"model": "product.product_details_property_value", "pk": 20, "fields": {"content": "-", "file": "", "status": true, "created_at": "2021-03-04T20:12:56.024Z", "updated_at": "2021-03-04T20:12:56.024Z"}}, {"model": "product.product_details_property_value", "pk": 21, "fields": {"content": "Finger print, FaceID, PIN", "file": "", "status": true, "created_at": "2021-03-04T20:13:42.631Z", "updated_at": "2021-03-04T20:13:42.631Z"}}, {"model": "product.product_details_property_value", "pk": 22, "fields": {"content": "2", "file": "", "status": true, "created_at": "2021-03-04T20:13:52.407Z", "updated_at": "2021-03-04T20:13:52.407Z"}}, {"model": "product.product_details_property_value", "pk": 23, "fields": {"content": "Var", "file": "", "status": true, "created_at": "2021-03-04T20:14:03.945Z", "updated_at": "2021-03-04T20:14:03.945Z"}}, {"model": "product.product_details_property_value", "pk": 24, "fields": {"content": "IP68", "file": "", "status": true, "created_at": "2021-03-04T20:14:15.930Z", "updated_at": "2021-03-04T20:14:15.930Z"}}, {"model": "product.product_details_property_value", "pk": 25, "fields": {"content": "Li-Po 4000 mAh", "file": "", "status": true, "created_at": "2021-03-04T20:14:28.801Z", "updated_at": "2021-03-04T20:14:28.801Z"}}, {"model": "product.product_details_property_value", "pk": 26, "fields": {"content": "71.2 x 151.7 x 7.9 mm", "file": "", "status": true, "created_at": "2021-03-04T20:14:50.227Z", "updated_at": "2021-03-04T20:14:50.227Z"}}, {"model": "product.product_details_property_value", "pk": 27, "fields": {"content": "171 q", "file": "", "status": true, "created_at": "2021-03-04T20:15:01.555Z", "updated_at": "2021-03-04T20:15:01.555Z"}}, {"model": "product.product_details_property_value", "pk": 29, "fields": {"content": "Android 9.0 (Pie), up to Android 10.0; MIUI 11", "file": "", "status": true, "created_at": "2021-03-04T21:19:14.141Z", "updated_at": "2021-03-04T21:19:14.141Z"}}, {"model": "product.product_details_property_value", "pk": 30, "fields": {"content": "6.53\"", "file": "", "status": true, "created_at": "2021-03-04T21:19:26.370Z", "updated_at": "2021-03-04T21:19:26.370Z"}}, {"model": "product.product_details_property_value", "pk": 31, "fields": {"content": "1080 x 2340 px", "file": "", "status": true, "created_at": "2021-03-04T21:19:42.669Z", "updated_at": "2021-03-04T21:19:42.669Z"}}, {"model": "product.product_details_property_value", "pk": 32, "fields": {"content": "6", "file": "", "status": true, "created_at": "2021-03-04T21:20:03.452Z", "updated_at": "2021-03-04T21:20:03.452Z"}}, {"model": "product.product_details_property_value", "pk": 33, "fields": {"content": "64", "file": "", "status": true, "created_at": "2021-03-04T21:20:15.802Z", "updated_at": "2021-03-04T21:20:15.802Z"}}, {"model": "product.product_details_property_value", "pk": 34, "fields": {"content": "Mediatek Helio G90T (12nm)", "file": "", "status": true, "created_at": "2021-03-04T21:20:32.288Z", "updated_at": "2021-03-04T21:20:32.288Z"}}, {"model": "product.product_details_property_value", "pk": 35, "fields": {"content": "64 + 8 + 2 + 2 MP", "file": "", "status": true, "created_at": "2021-03-04T21:20:44.993Z", "updated_at": "2021-03-04T21:20:44.993Z"}}, {"model": "product.product_details_property_value", "pk": 36, "fields": {"content": "20 MP", "file": "", "status": true, "created_at": "2021-03-04T21:20:59.746Z", "updated_at": "2021-03-04T21:20:59.746Z"}}, {"model": "product.product_details_property_value", "pk": 37, "fields": {"content": "2160p@30fps, 1080p@30/60/120fps, 720p@960fps, gyro", "file": "", "status": true, "created_at": "2021-03-04T21:21:09.558Z", "updated_at": "2021-03-04T21:21:09.558Z"}}, {"model": "product.product_details_property_value", "pk": 38, "fields": {"content": "GSM / HSPA / LTE", "file": "", "status": true, "created_at": "2021-03-04T21:23:29.590Z", "updated_at": "2021-03-04T21:23:29.590Z"}}, {"model": "product.product_details_property_value", "pk": 39, "fields": {"content": "FM radio", "file": "", "status": true, "created_at": "2021-03-04T21:23:51.995Z", "updated_at": "2021-03-04T21:23:51.995Z"}}, {"model": "product.product_details_property_value", "pk": 40, "fields": {"content": "161.4 x 76.4 x 8.8 mm", "file": "", "status": true, "created_at": "2021-03-04T21:24:20.278Z", "updated_at": "2021-03-04T21:24:20.278Z"}}, {"model": "product.product_details_property_value", "pk": 41, "fields": {"content": "200 q", "file": "", "status": true, "created_at": "2021-03-04T21:25:01.607Z", "updated_at": "2021-03-04T21:25:01.607Z"}}, {"model": "product.product_details_property_value", "pk": 42, "fields": {"content": "iPadOS 13.4", "file": "", "status": true, "created_at": "2021-03-04T21:47:05.708Z", "updated_at": "2021-03-04T21:47:05.708Z"}}, {"model": "product.product_details_property_value", "pk": 43, "fields": {"content": "12.9\"", "file": "", "status": true, "created_at": "2021-03-04T21:47:17.299Z", "updated_at": "2021-03-04T21:47:17.299Z"}}, {"model": "product.product_details_property_value", "pk": 44, "fields": {"content": "2048 x 2732 px", "file": "", "status": true, "created_at": "2021-03-04T21:47:26.847Z", "updated_at": "2021-03-04T21:47:26.847Z"}}, {"model": "product.product_details_property_value", "pk": 45, "fields": {"content": "Apple A12Z Bionic", "file": "", "status": true, "created_at": "2021-03-04T21:47:37.249Z", "updated_at": "2021-03-04T21:47:37.249Z"}}, {"model": "product.product_details_property_value", "pk": 46, "fields": {"content": "12 + 10 MP", "file": "", "status": true, "created_at": "2021-03-04T21:47:49.965Z", "updated_at": "2021-03-04T21:47:49.965Z"}}, {"model": "product.product_details_property_value", "pk": 47, "fields": {"content": "7 MP", "file": "", "status": true, "created_at": "2021-03-04T21:47:59.619Z", "updated_at": "2021-03-04T21:47:59.619Z"}}, {"model": "product.product_details_property_value", "pk": 48, "fields": {"content": "2160p@24/30/60fps, 1080p@30/60/120/240fps; gyro-EI", "file": "", "status": true, "created_at": "2021-03-04T21:48:09.238Z", "updated_at": "2021-03-04T21:48:09.238Z"}}, {"model": "product.product_details_property_value", "pk": 49, "fields": {"content": "Li-Po 9720 mAh", "file": "", "status": true, "created_at": "2021-03-04T21:48:43.732Z", "updated_at": "2021-03-04T21:48:43.732Z"}}, {"model": "product.product_details_property_value", "pk": 50, "fields": {"content": "280.6 x 214.9 x 5.9 mm", "file": "", "status": true, "created_at": "2021-03-04T21:48:59.797Z", "updated_at": "2021-03-04T21:48:59.797Z"}}, {"model": "product.product_details_property_value", "pk": 51, "fields": {"content": "641 q", "file": "", "status": true, "created_at": "2021-03-04T21:49:09.717Z", "updated_at": "2021-03-04T21:49:09.717Z"}}, {"model": "product.product_details_property_value", "pk": 52, "fields": {"content": "Android 9.0 (Pie), up to Android 10, One UI 2", "file": "", "status": true, "created_at": "2021-03-04T22:17:15.047Z", "updated_at": "2021-03-04T22:17:15.047Z"}}, {"model": "product.product_details_property_value", "pk": 53, "fields": {"content": "Qualcomm SM8150 Snapdragon 855 (7 nm)", "file": "", "status": true, "created_at": "2021-03-04T22:17:25.066Z", "updated_at": "2021-03-04T22:17:25.066Z"}}, {"model": "product.product_details_property_value", "pk": 54, "fields": {"content": "13 + 5 MP", "file": "", "status": true, "created_at": "2021-03-04T22:17:39.010Z", "updated_at": "2021-03-04T22:17:39.010Z"}}, {"model": "product.product_details_property_value", "pk": 55, "fields": {"content": "8 MP", "file": "", "status": true, "created_at": "2021-03-04T22:17:48.193Z", "updated_at": "2021-03-04T22:17:48.193Z"}}, {"model": "product.product_details_property_value", "pk": 56, "fields": {"content": "4K@30fps, 1080p@30fps", "file": "", "status": true, "created_at": "2021-03-04T22:17:56.716Z", "updated_at": "2021-03-04T22:17:56.716Z"}}, {"model": "product.product_details_property_value", "pk": 57, "fields": {"content": "1.8\"", "file": "", "status": true, "created_at": "2021-03-04T22:24:46.045Z", "updated_at": "2021-03-04T22:24:46.045Z"}}, {"model": "product.product_details_property_value", "pk": 58, "fields": {"content": "120 x 160 px", "file": "", "status": true, "created_at": "2021-03-04T22:24:56.703Z", "updated_at": "2021-03-04T22:24:56.703Z"}}, {"model": "product.product_details_property_value", "pk": 59, "fields": {"content": "GSM", "file": "", "status": true, "created_at": "2021-03-04T22:25:09.039Z", "updated_at": "2021-03-04T22:25:09.039Z"}}, {"model": "product.product_details_property_value", "pk": 60, "fields": {"content": "Windows 10", "file": "", "status": true, "created_at": "2021-03-04T23:25:59.109Z", "updated_at": "2021-03-04T23:25:59.109Z"}}, {"model": "product.product_details_property_value", "pk": 61, "fields": {"content": "13.3\"", "file": "", "status": true, "created_at": "2021-03-04T23:26:14.992Z", "updated_at": "2021-03-04T23:26:14.992Z"}}, {"model": "product.product_details_property_value", "pk": 62, "fields": {"content": "4", "file": "", "status": true, "created_at": "2021-03-04T23:26:27.728Z", "updated_at": "2021-03-04T23:26:27.728Z"}}, {"model": "product.product_details_property_value", "pk": 63, "fields": {"content": "Intel Core i5-8265U", "file": "", "status": true, "created_at": "2021-03-04T23:26:55.754Z", "updated_at": "2021-03-04T23:26:55.754Z"}}, {"model": "product.product_details_property_value", "pk": 64, "fields": {"content": "Full HD (1920 x 1080 px)", "file": "", "status": true, "created_at": "2021-03-04T23:27:08.198Z", "updated_at": "2021-03-04T23:27:08.198Z"}}, {"model": "product.product_details_property_value", "pk": 65, "fields": {"content": "0.97 kq", "file": "", "status": true, "created_at": "2021-03-04T23:27:35.270Z", "updated_at": "2021-03-04T23:27:35.270Z"}}, {"model": "product.product_details_property_value", "pk": 66, "fields": {"content": "Apple M1", "file": "", "status": true, "created_at": "2021-03-04T23:41:47.500Z", "updated_at": "2021-03-04T23:41:47.500Z"}}, {"model": "product.product_details_property_value", "pk": 67, "fields": {"content": "8", "file": "", "status": true, "created_at": "2021-03-04T23:41:55.604Z", "updated_at": "2021-03-04T23:41:55.604Z"}}, {"model": "product.product_details_property_value", "pk": 68, "fields": {"content": "macOS Big Sur", "file": "", "status": true, "created_at": "2021-03-04T23:42:19.632Z", "updated_at": "2021-03-04T23:42:19.632Z"}}, {"model": "product.product_details_property_value", "pk": 70, "fields": {"content": "13.3\" IPS LED 60 Hz", "file": "", "status": true, "created_at": "2021-03-04T23:42:31.206Z", "updated_at": "2021-03-04T23:42:31.206Z"}}, {"model": "product.product_details_property_value", "pk": 71, "fields": {"content": "Retina (2560 x 1600 px)", "file": "", "status": true, "created_at": "2021-03-04T23:42:54.169Z", "updated_at": "2021-03-04T23:42:54.169Z"}}, {"model": "product.product_details_property_value", "pk": 72, "fields": {"content": "M1 7-core", "file": "", "status": true, "created_at": "2021-03-04T23:43:10.254Z", "updated_at": "2021-03-04T23:43:10.254Z"}}, {"model": "product.product_details_property_value", "pk": 73, "fields": {"content": "Intel Core i7-10750H", "file": "", "status": true, "created_at": "2021-03-04T23:48:56.469Z", "updated_at": "2021-03-04T23:48:56.469Z"}}, {"model": "product.product_details_property_value", "pk": 74, "fields": {"content": "FreeDOS", "file": "", "status": true, "created_at": "2021-03-04T23:49:26.899Z", "updated_at": "2021-03-04T23:49:26.899Z"}}, {"model": "product.product_details_property_value", "pk": 75, "fields": {"content": "17.3\"", "file": "", "status": true, "created_at": "2021-03-04T23:49:37.425Z", "updated_at": "2021-03-04T23:49:37.425Z"}}, {"model": "product.product_details_property_value", "pk": 76, "fields": {"content": "Full HD (1920 x 1080 px) IPS", "file": "", "status": true, "created_at": "2021-03-04T23:49:51.865Z", "updated_at": "2021-03-04T23:49:51.865Z"}}, {"model": "product.product_details_property_value", "pk": 77, "fields": {"content": "1 TB HDD + 256  SSD", "file": "", "status": true, "created_at": "2021-03-04T23:50:01.492Z", "updated_at": "2021-03-04T23:50:01.492Z"}}, {"model": "product.product_details_property_value", "pk": 78, "fields": {"content": "NVIDIA GeForce RTX 2060 6 ", "file": "", "status": true, "created_at": "2021-03-04T23:50:10.749Z", "updated_at": "2021-03-04T23:50:10.750Z"}}, {"model": "product.product_details_property_value", "pk": 79, "fields": {"content": "3.33 kq", "file": "", "status": true, "created_at": "2021-03-04T23:50:28.791Z", "updated_at": "2021-03-04T23:50:28.791Z"}}, {"model": "product.product_details_property_value", "pk": 80, "fields": {"content": "2 saat", "file": "", "status": true, "created_at": "2021-03-04T23:58:17.375Z", "updated_at": "2021-03-04T23:58:17.375Z"}}, {"model": "product.product_details_property_value", "pk": 81, "fields": {"content": "6 saat", "file": "", "status": true, "created_at": "2021-03-04T23:58:27.599Z", "updated_at": "2021-03-04T23:58:27.599Z"}}, {"model": "product.product_details_property_value", "pk": 82, "fields": {"content": "10 m", "file": "", "status": true, "created_at": "2021-03-04T23:58:38.546Z", "updated_at": "2021-03-04T23:58:38.546Z"}}, {"model": "product.product_details_property_value", "pk": 83, "fields": {"content": "IPX5", "file": "", "status": true, "created_at": "2021-03-04T23:58:55.825Z", "updated_at": "2021-03-04T23:58:55.825Z"}}, {"model": "product.product_images", "pk": 90, "fields": {"product": 61, "image": "product_images/1iphone-12-black-min_AewH3AX.jpeg", "is_main": true, "is_second_main": false, "status": true, "created_at": "2021-04-27T12:38:01.586Z", "updated_at": "2021-05-05T11:59:41.023Z"}}, {"model": "product.product_images", "pk": 91, "fields": {"product": 61, "image": "product_images/miA2_5EhTcqv.jpeg", "is_main": false, "is_second_main": true, "status": true, "created_at": "2021-04-27T12:38:01.609Z", "updated_at": "2021-05-05T11:59:40.988Z"}}, {"model": "product.product_images", "pk": 92, "fields": {"product": 62, "image": "product_images/1iphone-12-green-min.jpeg", "is_main": true, "is_second_main": false, "status": true, "created_at": "2021-04-27T12:41:46.872Z", "updated_at": "2021-05-05T11:59:01.964Z"}}, {"model": "product.product_images", "pk": 93, "fields": {"product": 62, "image": "product_images/miA2_uZiAR4h.jpeg", "is_main": false, "is_second_main": true, "status": true, "created_at": "2021-04-27T12:41:46.894Z", "updated_at": "2021-05-05T11:59:01.929Z"}}, {"model": "product.product_images", "pk": 94, "fields": {"product": 63, "image": "product_images/1iphone-12-green-min_00M2z9S.jpeg", "is_main": false, "is_second_main": true, "status": true, "created_at": "2021-04-27T12:43:10.719Z", "updated_at": "2021-05-18T14:18:02.342Z"}}, {"model": "product.product_images", "pk": 95, "fields": {"product": 63, "image": "product_images/1iphone-12-red-min_zXlygfg.jpeg", "is_main": true, "is_second_main": false, "status": true, "created_at": "2021-04-27T12:43:10.742Z", "updated_at": "2021-05-05T11:57:40.870Z"}}, {"model": "product.product_images", "pk": 96, "fields": {"product": 64, "image": "product_images/miA2_4y77E0f.jpeg", "is_main": false, "is_second_main": true, "status": true, "created_at": "2021-04-27T12:46:51.853Z", "updated_at": "2021-05-05T11:56:40.327Z"}}, {"model": "product.product_images", "pk": 97, "fields": {"product": 64, "image": "product_images/1iphone-12-pro-pacific-blue-min_1.jpeg", "is_main": true, "is_second_main": false, "status": true, "created_at": "2021-04-27T12:46:51.884Z", "updated_at": "2021-05-05T11:56:40.299Z"}}, {"model": "product.product_images", "pk": 98, "fields": {"product": 63, "image": "product_images/1iphone-12-white-min.jpeg", "is_main": false, "is_second_main": false, "status": true, "created_at": "2021-05-18T14:18:02.406Z", "updated_at": "2021-05-18T14:18:02.406Z"}}, {"model": "product.product_images", "pk": 99, "fields": {"product": 63, "image": "product_images/1iphone-12-black-min_ftTholu.jpeg", "is_main": false, "is_second_main": false, "status": true, "created_at": "2021-05-18T14:18:02.530Z", "updated_at": "2021-05-18T14:18:02.530Z"}}, {"model": "account.customer", "pk": 1, "fields": {"device": "4c87468f-9720-4628-ab45-ba1def8d7e7f"}}, {"model": "account.customer", "pk": 2, "fields": {"device": "15031336-9f8c-4784-95ee-126191a6b795"}}, {"model": "account.customer", "pk": 3, "fields": {"device": null}}, {"model": "account.customer", "pk": 9, "fields": {"device": "74856e3f-aa9a-49f6-a215-61d806c43681"}}, {"model": "account.customer", "pk": 10, "fields": {"device": "8522a269-58a8-49e0-96a2-267321a6b606"}}, {"model": "account.customer", "pk": 11, "fields": {"device": "elrjclkej1c65c16"}}, {"model": "account.customer", "pk": 12, "fields": {"device": "hfjhfgfhgdfdgfdgfdhh"}}, {"model": "account.customer", "pk": 13, "fields": {"device": "sasasasasasasasasaqdqdqdqd"}}, {"model": "account.customer", "pk": 14, "fields": {"device": "kjhbkjhb1651651"}}, {"model": "account.customer", "pk": 15, "fields": {"device": "91485961-213e-41d2-b903-9ce04e6aa9a6"}}, {"model": "account.customer", "pk": 16, "fields": {"device": "528b6381-cbea-4372-af1f-cbb2f3bea1ff"}}, {"model": "account.customer", "pk": 17, "fields": {"device": "f467351b-675c-49ca-90bc-c0708b629669"}}, {"model": "account.customer", "pk": 18, "fields": {"device": "9a8a6588-3433-4b79-bcb1-96eb4791163e"}}, {"model": "account.customer", "pk": 19, "fields": {"device": "0f08c58f-de18-4f63-b4c5-193191354f4c"}}, {"model": "account.customer", "pk": 20, "fields": {"device": "e37e0f58-0179-4c83-805e-22598c4d2e07"}}, {"model": "order.order", "pk": 1, "fields": {"name": null, "surname": null, "email": null, "tel_number": null, "customer": 1, "complete": false, "transaction_id": null, "message": "", "status": true, "created_at": "2021-04-27T11:47:34.048Z", "updated_at": "2021-04-27T11:47:34.048Z"}}, {"model": "order.order", "pk": 2, "fields": {"name": null, "surname": null, "email": null, "tel_number": null, "customer": 2, "complete": false, "transaction_id": null, "message": "", "status": true, "created_at": "2021-04-27T12:25:05.908Z", "updated_at": "2021-04-27T12:25:05.908Z"}}, {"model": "order.order", "pk": 3, "fields": {"name": null, "surname": null, "email": null, "tel_number": null, "customer": 3, "complete": false, "transaction_id": null, "message": "", "status": true, "created_at": "2021-04-27T12:26:50.957Z", "updated_at": "2021-04-27T12:26:50.957Z"}}, {"model": "order.order", "pk": 27, "fields": {"name": null, "surname": null, "email": null, "tel_number": null, "customer": 9, "complete": false, "transaction_id": null, "message": "", "status": true, "created_at": "2021-03-29T21:51:01.235Z", "updated_at": "2021-03-29T21:51:01.235Z"}}, {"model": "order.order", "pk": 28, "fields": {"name": null, "surname": null, "email": null, "tel_number": null, "customer": 10, "complete": false, "transaction_id": null, "message": "", "status": true, "created_at": "2021-03-29T21:57:33.471Z", "updated_at": "2021-03-29T21:57:33.471Z"}}, {"model": "order.order", "pk": 29, "fields": {"name": null, "surname": null, "email": null, "tel_number": null, "customer": 11, "complete": false, "transaction_id": null, "message": "", "status": true, "created_at": "2021-04-02T12:16:49.610Z", "updated_at": "2021-04-02T12:16:49.610Z"}}, {"model": "order.order", "pk": 30, "fields": {"name": null, "surname": null, "email": null, "tel_number": null, "customer": 12, "complete": false, "transaction_id": null, "message": "", "status": true, "created_at": "2021-04-03T01:07:41.269Z", "updated_at": "2021-04-03T01:07:41.269Z"}}, {"model": "order.order", "pk": 31, "fields": {"name": null, "surname": null, "email": null, "tel_number": null, "customer": 13, "complete": false, "transaction_id": null, "message": "", "status": true, "created_at": "2021-04-03T01:09:37.311Z", "updated_at": "2021-04-03T01:09:37.311Z"}}, {"model": "order.order", "pk": 32, "fields": {"name": null, "surname": null, "email": null, "tel_number": null, "customer": 14, "complete": false, "transaction_id": null, "message": "", "status": true, "created_at": "2021-04-03T04:48:01.605Z", "updated_at": "2021-04-03T04:48:01.605Z"}}, {"model": "order.order", "pk": 33, "fields": {"name": null, "surname": null, "email": null, "tel_number": null, "customer": 15, "complete": false, "transaction_id": null, "message": "", "status": true, "created_at": "2021-04-07T17:09:59.884Z", "updated_at": "2021-04-07T17:09:59.884Z"}}, {"model": "order.order", "pk": 34, "fields": {"name": null, "surname": null, "email": null, "tel_number": null, "customer": 16, "complete": false, "transaction_id": null, "message": "", "status": true, "created_at": "2021-04-27T13:02:34.143Z", "updated_at": "2021-04-27T13:02:34.143Z"}}, {"model": "order.order", "pk": 35, "fields": {"name": null, "surname": null, "email": null, "tel_number": null, "customer": 17, "complete": false, "transaction_id": null, "message": "", "status": true, "created_at": "2021-04-27T13:04:28.304Z", "updated_at": "2021-04-27T13:04:28.304Z"}}, {"model": "order.order", "pk": 36, "fields": {"name": null, "surname": null, "email": null, "tel_number": null, "customer": 18, "complete": false, "transaction_id": null, "message": "", "status": true, "created_at": "2021-05-05T07:50:09.441Z", "updated_at": "2021-05-05T07:50:09.441Z"}}, {"model": "order.order", "pk": 37, "fields": {"name": "Fuad", "surname": "Suleymanov", "email": "fuadsuleymanov@outlook.com", "tel_number": "0502702569", "customer": 19, "complete": true, "transaction_id": null, "message": "05 May", "status": true, "created_at": "2021-05-05T10:24:09.635Z", "updated_at": "2021-05-05T12:01:41.340Z"}}, {"model": "order.order", "pk": 38, "fields": {"name": null, "surname": null, "email": null, "tel_number": null, "customer": 19, "complete": false, "transaction_id": null, "message": "", "status": true, "created_at": "2021-05-05T12:01:44.177Z", "updated_at": "2021-05-05T12:01:44.177Z"}}, {"model": "order.order", "pk": 39, "fields": {"name": null, "surname": null, "email": null, "tel_number": null, "customer": 20, "complete": false, "transaction_id": null, "message": "", "status": true, "created_at": "2021-05-13T08:56:34.963Z", "updated_at": "2021-05-13T08:56:34.963Z"}}, {"model": "order.orderitem", "pk": 9, "fields": {"product": null, "order": 28, "quantity": 4, "customer": 10, "status": true, "created_at": "2021-03-29T22:06:43.845Z", "updated_at": "2021-03-29T22:07:13.943Z"}}, {"model": "order.orderitem", "pk": 10, "fields": {"product": null, "order": 31, "quantity": 1, "customer": 13, "status": true, "created_at": "2021-04-03T01:24:14.373Z", "updated_at": "2021-04-03T01:24:14.376Z"}}, {"model": "order.orderitem", "pk": 12, "fields": {"product": 64, "order": 1, "quantity": 1, "customer": 1, "status": true, "created_at": "2021-04-27T13:02:21.944Z", "updated_at": "2021-04-27T13:02:21.944Z"}}, {"model": "order.orderitem", "pk": 13, "fields": {"product": 63, "order": 3, "quantity": 1, "customer": 3, "status": true, "created_at": "2021-05-05T10:24:16.565Z", "updated_at": "2021-05-05T10:24:16.565Z"}}, {"model": "order.orderitem", "pk": 14, "fields": {"product": 64, "order": 3, "quantity": 1, "customer": 3, "status": true, "created_at": "2021-05-05T10:24:18.448Z", "updated_at": "2021-05-05T10:24:18.448Z"}}, {"model": "order.orderitem", "pk": 15, "fields": {"product": 63, "order": 37, "quantity": 1, "customer": 19, "status": true, "created_at": "2021-05-05T11:59:53.446Z", "updated_at": "2021-05-05T11:59:53.446Z"}}, {"model": "order.orderitem", "pk": 16, "fields": {"product": 64, "order": 37, "quantity": 1, "customer": 19, "status": true, "created_at": "2021-05-05T12:00:20.562Z", "updated_at": "2021-05-05T12:00:20.562Z"}}, {"model": "order.orderitem", "pk": 17, "fields": {"product": 62, "order": 37, "quantity": 1, "customer": 19, "status": true, "created_at": "2021-05-05T12:00:34.935Z", "updated_at": "2021-05-05T12:00:34.935Z"}}, {"model": "order.orderitem", "pk": 18, "fields": {"product": 61, "order": 37, "quantity": 1, "customer": 19, "status": true, "created_at": "2021-05-05T12:00:38.835Z", "updated_at": "2021-05-05T12:00:38.835Z"}}, {"model": "order.orderitem", "pk": 29, "fields": {"product": 63, "order": 38, "quantity": 1, "customer": 19, "status": true, "created_at": "2021-05-13T07:30:05.787Z", "updated_at": "2021-05-13T07:30:05.787Z"}}, {"model": "order.orderitem", "pk": 31, "fields": {"product": 64, "order": 39, "quantity": 1, "customer": 20, "status": true, "created_at": "2021-05-16T12:51:55.868Z", "updated_at": "2021-05-16T12:51:55.868Z"}}, {"model": "order.orderitem", "pk": 34, "fields": {"product": 62, "order": 39, "quantity": 1, "customer": 20, "status": true, "created_at": "2021-05-18T10:23:24.709Z", "updated_at": "2021-05-18T10:23:24.709Z"}}, {"model": "index.banner", "pk": 1, "fields": {"title": "Esas Banner", "description": null, "link": "http://localhost:8000/smartfonlar-apple/", "image": "banner_pics/1_fq6pbz0.jpg", "is_main": true, "is_second_yuxari": false, "is_second_ashagi": false, "is_third_sol": false, "is_third_sag": false, "is_third_orta": false, "status": false, "created_at": "2021-05-19T06:35:00.130Z", "updated_at": "2021-05-19T11:39:21.233Z"}}, {"model": "index.banner", "pk": 6, "fields": {"title": "Second yuxari", "description": null, "link": null, "image": "banner_pics/2_PXYaDOb.jpg", "is_main": false, "is_second_yuxari": true, "is_second_ashagi": false, "is_third_sol": false, "is_third_sag": false, "is_third_orta": false, "status": true, "created_at": "2021-05-19T08:58:41.981Z", "updated_at": "2021-05-19T11:18:27.007Z"}}, {"model": "index.banner", "pk": 7, "fields": {"title": "Second asagi", "description": null, "link": null, "image": "banner_pics/4_Fs5Ds8B.jpg", "is_main": false, "is_second_yuxari": false, "is_second_ashagi": true, "is_third_sol": false, "is_third_sag": false, "is_third_orta": false, "status": true, "created_at": "2021-05-19T08:59:15.120Z", "updated_at": "2021-05-19T08:59:15.120Z"}}, {"model": "index.banner", "pk": 8, "fields": {"title": "Third sol", "description": null, "link": null, "image": "banner_pics/rsz_1.jpg", "is_main": false, "is_second_yuxari": false, "is_second_ashagi": false, "is_third_sol": true, "is_third_sag": false, "is_third_orta": false, "status": true, "created_at": "2021-05-19T09:13:50.157Z", "updated_at": "2021-05-19T11:30:13.471Z"}}, {"model": "index.banner", "pk": 9, "fields": {"title": "Third sag", "description": null, "link": null, "image": "banner_pics/rsz_1_yfL2UHR.jpg", "is_main": false, "is_second_yuxari": false, "is_second_ashagi": false, "is_third_sol": false, "is_third_sag": true, "is_third_orta": false, "status": true, "created_at": "2021-05-19T09:14:29.556Z", "updated_at": "2021-05-19T09:14:29.556Z"}}, {"model": "index.banner", "pk": 10, "fields": {"title": "Third orta", "description": null, "link": null, "image": "banner_pics/rsz_1_sLg4uq6.jpg", "is_main": false, "is_second_yuxari": false, "is_second_ashagi": false, "is_third_sol": false, "is_third_sag": false, "is_third_orta": true, "status": true, "created_at": "2021-05-19T09:15:03.998Z", "updated_at": "2021-05-19T09:15:03.998Z"}}, {"model": "index.subscriber", "pk": 1, "fields": {"email": "husubayli@gmail.com", "created_at": "2021-02-23T15:11:12.978Z", "updated_at": "2021-02-23T15:11:12.978Z"}}, {"model": "index.subscriber", "pk": 2, "fields": {"email": "husubayli@gmail.comm", "created_at": "2021-02-24T19:56:59.612Z", "updated_at": "2021-02-24T19:56:59.612Z"}}, {"model": "auth.user", "pk": 1, "fields": {"password": "pbkdf2_sha256$216000$PIJ6jl2Gvlyt$N5+5/ArcOcwSTk6XH8PatPNLS+DY4DrDryWDtcIJi24=", "last_login": "2021-05-19T06:24:07.142Z", "is_superuser": true, "username": "fuad", "first_name": "", "last_name": "", "email": "fuadpayme@gmail.com", "is_staff": true, "is_active": true, "date_joined": "2021-02-17T20:58:23.736Z", "groups": [], "user_permissions": []}}, {"model": "sessions.session", "pk": "2qelyekk6yve28ebm838fxsumcmkmu87", "fields": {"session_data": ".eJxVjEEOwiAQRe_C2hAYpB1cuu8ZyMCAVA0kpV0Z765NutDtf-_9l_C0rcVvPS1-ZnERWpx-t0DxkeoO-E711mRsdV3mIHdFHrTLqXF6Xg_376BQL98aLQ8BkcOARjvCQGiiDWRwdJBdhhwxMjoYCQBJkQVWWjElyOnsWLw_6ZM4Qg:1lQzja:CGWUVzi9llGTNtrpzhSHRL3ZEGG6HGrKPUaZlLB-AT8", "expire_date": "2021-04-12T21:47:42.429Z"}}, {"model": "sessions.session", "pk": "5tgn87ybs02eouxvisy4rkipdbxjrlqo", "fields": {"session_data": ".eJxVjEEOwiAQRe_C2hAYpB1cuu8ZyMCAVA0kpV0Z765NutDtf-_9l_C0rcVvPS1-ZnERWpx-t0DxkeoO-E711mRsdV3mIHdFHrTLqXF6Xg_376BQL98aLQ8BkcOARjvCQGiiDWRwdJBdhhwxMjoYCQBJkQVWWjElyOnsWLw_6ZM4Qg:1leG7j:WsS0elpzeUngFo3WzS0QFuO-ryJqU-gqk--Ia-SVI9o", "expire_date": "2021-05-19T11:55:27.318Z"}}, {"model": "sessions.session", "pk": "aj9l6hj26wl7aaahz2wd2xmd8do9y66j", "fields": {"session_data": ".eJxVjEEOwiAQRe_C2hAYpB1cuu8ZyMCAVA0kpV0Z765NutDtf-_9l_C0rcVvPS1-ZnERWpx-t0DxkeoO-E711mRsdV3mIHdFHrTLqXF6Xg_376BQL98aLQ8BkcOARjvCQGiiDWRwdJBdhhwxMjoYCQBJkQVWWjElyOnsWLw_6ZM4Qg:1lQzxG:FgMIudpmHVd7bjKDeo8DqLh6pguDzXis3JYoSQHqo8g", "expire_date": "2021-04-12T22:01:50.235Z"}}, {"model": "sessions.session", "pk": "bhx2ukemok1yng5jab4q1ru85skfs66f", "fields": {"session_data": ".eJxVjEEOwiAQRe_C2hAYpB1cuu8ZyMCAVA0kpV0Z765NutDtf-_9l_C0rcVvPS1-ZnERWpx-t0DxkeoO-E711mRsdV3mIHdFHrTLqXF6Xg_376BQL98aLQ8BkcOARjvCQGiiDWRwdJBdhhwxMjoYCQBJkQVWWjElyOnsWLw_6ZM4Qg:1lEW03:C43CX2vnm-SxgDjgL66H5zILCo_mioFcR0Z3_TmO7Wc", "expire_date": "2021-03-09T11:37:07.879Z"}}, {"model": "sessions.session", "pk": "blw6c9mqj486x8e647jz6kf3amr5a3b0", "fields": {"session_data": ".eJxVjEEOwiAQRe_C2hAYpB1cuu8ZyMCAVA0kpV0Z765NutDtf-_9l_C0rcVvPS1-ZnERWpx-t0DxkeoO-E711mRsdV3mIHdFHrTLqXF6Xg_376BQL98aLQ8BkcOARjvCQGiiDWRwdJBdhhwxMjoYCQBJkQVWWjElyOnsWLw_6ZM4Qg:1lN2qU:ulTlAuoxIWKEQnqll0-y7xbmEyXLHTqtV1tm_JqaMUc", "expire_date": "2021-04-02T00:18:30.823Z"}}, {"model": "sessions.session", "pk": "bqld8r969bcv3c3z1ho60ywbwczgsdgm", "fields": {"session_data": ".eJxVjEEOwiAQRe_C2hAYpB1cuu8ZyMCAVA0kpV0Z765NutDtf-_9l_C0rcVvPS1-ZnERWpx-t0DxkeoO-E711mRsdV3mIHdFHrTLqXF6Xg_376BQL98aLQ8BkcOARjvCQGiiDWRwdJBdhhwxMjoYCQBJkQVWWjElyOnsWLw_6ZM4Qg:1lCfGH:FHavG5BiNqk17lYIHczKVC_oIm_AkvQ4JPqu7WctGsk", "expire_date": "2021-03-04T09:06:13.412Z"}}, {"model": "sessions.session", "pk": "ejixe8nvnn2qfjaa8u5v156vyc8hyex2", "fields": {"session_data": ".eJxVjEEOwiAQRe_C2hAYpB1cuu8ZyMCAVA0kpV0Z765NutDtf-_9l_C0rcVvPS1-ZnERWpx-t0DxkeoO-E711mRsdV3mIHdFHrTLqXF6Xg_376BQL98aLQ8BkcOARjvCQGiiDWRwdJBdhhwxMjoYCQBJkQVWWjElyOnsWLw_6ZM4Qg:1lHqkd:DctmUMP9kJ5ojduM-sf7viMceS2yx8i2bdeFjd5ZcXo", "expire_date": "2021-03-18T16:22:59.925Z"}}, {"model": "sessions.session", "pk": "hccu7sth0u2f9g73m6hdk8t6v518g5sv", "fields": {"session_data": ".eJxVjEEOwiAQRe_C2hAYpB1cuu8ZyMCAVA0kpV0Z765NutDtf-_9l_C0rcVvPS1-ZnERWpx-t0DxkeoO-E711mRsdV3mIHdFHrTLqXF6Xg_376BQL98aLQ8BkcOARjvCQGiiDWRwdJBdhhwxMjoYCQBJkQVWWjElyOnsWLw_6ZM4Qg:1lD6vs:LnDz4eCgHlGJ7Mz57-j8tGtLSnF3G1qKjMk2GLZ9Xes", "expire_date": "2021-03-05T14:39:00.931Z"}}, {"model": "sessions.session", "pk": "jleh73viv4rrdqqxxvrcahfzokxh1ds7", "fields": {"session_data": ".eJxVjEEOwiAQRe_C2hAYpB1cuu8ZyMCAVA0kpV0Z765NutDtf-_9l_C0rcVvPS1-ZnERWpx-t0DxkeoO-E711mRsdV3mIHdFHrTLqXF6Xg_376BQL98aLQ8BkcOARjvCQGiiDWRwdJBdhhwxMjoYCQBJkQVWWjElyOnsWLw_6ZM4Qg:1lJN6X:q7TrQ4c2F_eLCySvvgfOuMclzE-4R7C97Fk_XdX-ECg", "expire_date": "2021-03-22T21:07:53.145Z"}}, {"model": "sessions.session", "pk": "jmxljk0gk46corarm2f5a7zaz6w24ip6", "fields": {"session_data": ".eJxVjEEOwiAQRe_C2hAYpB1cuu8ZyMCAVA0kpV0Z765NutDtf-_9l_C0rcVvPS1-ZnERWpx-t0DxkeoO-E711mRsdV3mIHdFHrTLqXF6Xg_376BQL98aLQ8BkcOARjvCQGiiDWRwdJBdhhwxMjoYCQBJkQVWWjElyOnsWLw_6ZM4Qg:1lRGsa:2qgLMaDCIJ_yaAn0F1zvKPkRkN2dRQewBPfB8LgBUC8", "expire_date": "2021-04-13T16:06:08.995Z"}}, {"model": "sessions.session", "pk": "kzqfi3tkvu8hk3r5n1r7m3zzebe2rtee", "fields": {"session_data": ".eJxVjEEOwiAQRe_C2hAYpB1cuu8ZyMCAVA0kpV0Z765NutDtf-_9l_C0rcVvPS1-ZnERWpx-t0DxkeoO-E711mRsdV3mIHdFHrTLqXF6Xg_376BQL98aLQ8BkcOARjvCQGiiDWRwdJBdhhwxMjoYCQBJkQVWWjElyOnsWLw_6ZM4Qg:1ljFcl:ZiI5xrT8rTljrAH42Yzv-t4om5zmvja_0TpHzX5Lq28", "expire_date": "2021-06-02T06:24:07.183Z"}}, {"model": "sessions.session", "pk": "mg4v13vkbnwn2ft76vegphxh4yxcmxf1", "fields": {"session_data": ".eJxVjEEOwiAQRe_C2hAYpB1cuu8ZyMCAVA0kpV0Z765NutDtf-_9l_C0rcVvPS1-ZnERWpx-t0DxkeoO-E711mRsdV3mIHdFHrTLqXF6Xg_376BQL98aLQ8BkcOARjvCQGiiDWRwdJBdhhwxMjoYCQBJkQVWWjElyOnsWLw_6ZM4Qg:1lUBht:ri7DYoQG1fQ7yCCeCa9TbzZiBZjGgtnYGB1H6fr4Hxg", "expire_date": "2021-04-21T17:11:09.614Z"}}, {"model": "sessions.session", "pk": "py0d535ro9788i35zn8stk32r8msoomt", "fields": {"session_data": ".eJxVjEEOwiAQRe_C2hAYpB1cuu8ZyMCAVA0kpV0Z765NutDtf-_9l_C0rcVvPS1-ZnERWpx-t0DxkeoO-E711mRsdV3mIHdFHrTLqXF6Xg_376BQL98aLQ8BkcOARjvCQGiiDWRwdJBdhhwxMjoYCQBJkQVWWjElyOnsWLw_6ZM4Qg:1lPw1a:2jPn4hLKrs9ZqgPUxzoqnjiqhh7s3iqQSEsubk95DQo", "expire_date": "2021-04-09T23:37:54.574Z"}}, {"model": "sessions.session", "pk": "r67w08krev48pzbkc9fe1j26vgdr7izl", "fields": {"session_data": ".eJxVjEEOwiAQRe_C2hAYpB1cuu8ZyMCAVA0kpV0Z765NutDtf-_9l_C0rcVvPS1-ZnERWpx-t0DxkeoO-E711mRsdV3mIHdFHrTLqXF6Xg_376BQL98aLQ8BkcOARjvCQGiiDWRwdJBdhhwxMjoYCQBJkQVWWjElyOnsWLw_6ZM4Qg:1lD6Kf:sobDW34USf9jysv5mgeawrEqspZ04qqbNG4jQBKrECs", "expire_date": "2021-03-05T14:00:33.725Z"}}, {"model": "sessions.session", "pk": "rzadjiwmldn1csi9metcjh6xyfckya1d", "fields": {"session_data": ".eJxVjEEOwiAQRe_C2hAYpB1cuu8ZyMCAVA0kpV0Z765NutDtf-_9l_C0rcVvPS1-ZnERWpx-t0DxkeoO-E711mRsdV3mIHdFHrTLqXF6Xg_376BQL98aLQ8BkcOARjvCQGiiDWRwdJBdhhwxMjoYCQBJkQVWWjElyOnsWLw_6ZM4Qg:1lbMss:3eCXvL14lX8eRoArd81Jxv9UOxCO-Qmo9xnIf8lwKvc", "expire_date": "2021-05-11T12:32:10.089Z"}}, {"model": "sessions.session", "pk": "vqm7grq58tcfwtvg17w9vdjeopxdpoeb", "fields": {"session_data": ".eJxVjEEOwiAQRe_C2hAYpB1cuu8ZyMCAVA0kpV0Z765NutDtf-_9l_C0rcVvPS1-ZnERWpx-t0DxkeoO-E711mRsdV3mIHdFHrTLqXF6Xg_376BQL98aLQ8BkcOARjvCQGiiDWRwdJBdhhwxMjoYCQBJkQVWWjElyOnsWLw_6ZM4Qg:1lERtG:RSV2UMca9gR3HjQ79VSWpZeAtPj7hOnwXFiuPAkx-tA", "expire_date": "2021-03-09T07:13:50.790Z"}}, {"model": "sessions.session", "pk": "wfu2hnlqibv0u9rd3m7lfwhuapl18djc", "fields": {"session_data": ".eJxVjEEOwiAQRe_C2hAYpB1cuu8ZyMCAVA0kpV0Z765NutDtf-_9l_C0rcVvPS1-ZnERWpx-t0DxkeoO-E711mRsdV3mIHdFHrTLqXF6Xg_376BQL98aLQ8BkcOARjvCQGiiDWRwdJBdhhwxMjoYCQBJkQVWWjElyOnsWLw_6ZM4Qg:1lbMsh:zC6KfNz3n2o5wPUgEU9BNSH6qz3FlHXHltH38a0YJM0", "expire_date": "2021-05-11T12:31:59.241Z"}}]